rank,grid,rank_group
1,grid.4991.5,1
2,grid.5335.0,1
3,grid.168010.e,1
4,grid.116068.8,1
5,grid.20861.3d,1
6,grid.38142.3c,1
7,grid.16750.35,1
8,grid.47100.32,1
9,grid.7445.2,1
10,grid.170205.1,1
11,grid.5801.c,1
12,grid.21107.35,1
12,grid.25879.31,1
14,grid.83440.3b,1
15,grid.47840.3f,1
16,grid.21729.3f,1
17,grid.19006.3e,1
18,grid.26009.3d,1
19,grid.5386.8,1
20,grid.214458.e,1
21,grid.17063.33,2
22,grid.12527.33,2
23,grid.4280.e,2
24,grid.147455.6,2
25,grid.16753.36,2
26,grid.13063.37,2
27,grid.137628.9,2
28,grid.34477.33,2
29,grid.4305.2,2
30,grid.266100.3,2
31,grid.11135.37,2
32,grid.5252.0,2
32,grid.1008.9,2
34,grid.213917.f,2
35,grid.5333.6,2
36,grid.194645.b,2
37,grid.17091.3e,2
38,grid.13097.3c,2
39,grid.89336.37,2
40,grid.4714.6,2
41,grid.24515.37,2
41,grid.440907.e,2
42,grid.26999.3d,2
43,grid.14003.36,2
44,grid.14709.3b,2
44,grid.6936.a,2
47,grid.7700.0,2
48,grid.5596.f,2
49,grid.1001.0,2
50,grid.35403.31,2
51,grid.59025.3b,3
52,grid.133342.4,3
53,grid.40263.33,3
53,grid.10784.3a,3
54,grid.4367.6,3
56,grid.10698.36,3
57,grid.5379.8,3
58,grid.5292.c,3
59,grid.27860.3b,3
59,grid.1013.3,3
59,grid.4818.5,3
62,grid.7177.6,3
63,grid.31501.36,3
64,grid.169077.e,3
65,grid.258799.8,3
66,grid.42505.36,3
67,grid.7468.d,3
68,grid.5132.5,3
69,grid.1003.2,3
70,grid.6906.9,3
71,grid.17635.36,3
71,grid.261331.4,3
73,grid.462844.8,3
74,grid.189504.1,3
74,grid.5477.1,3
76,grid.5963.9,3
77,grid.25073.33,3
78,grid.5337.2,3
79,grid.4830.f,3
79,grid.7372.1,3
81,grid.29857.31,3
82,grid.164295.d,3
82,grid.264381.a,3
84,grid.189967.8,3
84,grid.1002.3,3
86,grid.21940.3e,3
87,grid.1957.a,3
87,grid.8993.b,3
89,grid.10392.39,3
90,grid.6363.0,3
90,grid.14848.31,3
90,grid.7400.3,3
93,grid.59053.3a,3
93,grid.8756.c,3
93,grid.17088.36,3
96,grid.266093.8,3
96,grid.1005.4,3
98,grid.4514.4,3
99,grid.254880.3,3
99,grid.7737.4,3
101,grid.13402.34,4
102,grid.37172.30,4
103,grid.6612.3,4
104,grid.14095.39,4
104,grid.8547.e,4
106,grid.11835.3e,4
107,grid.27755.32,4
108,grid.10877.39,4
109,grid.213910.8,4
110,grid.5734.5,4
110,grid.10388.32,4
110,grid.35030.35,4
110,grid.21925.3d,4
114,grid.266190.a,4
114,grid.8250.f,4
116,grid.6572.6,4
116,grid.5254.6,4
118,grid.5491.9,4
119,grid.5685.e,4
120,grid.8217.c,4
121,grid.5510.1,4
121,grid.152326.1,4
123,grid.7048.b,4
123,grid.215654.1,4
123,grid.7450.6,4
123,grid.5601.2,4
123,grid.5590.9,4
128,grid.7942.8,4
128,grid.5012.6,4
130,grid.4868.2,4
131,grid.6734.6,4
132,grid.17089.37,4
132,grid.67105.35,4
134,grid.41156.37,4
134,grid.1012.2,4
135,grid.1010.0,4
135,grid.8591.5,4
135,grid.9026.d,4
135,grid.7892.4,4
135,grid.5612.0,4
141,grid.8391.3,4
142,grid.49100.3c,4
143,grid.5342.0,4
143,grid.10420.37,4
145,grid.7080.f,4
146,grid.6190.e,4
146,grid.411377.7,4
146,grid.9835.7,4
149,grid.4563.4,4
149,grid.6582.9,4
151,grid.4488.0,4
152,grid.429997.8,4
153,grid.9909.9,4
153,grid.263145.7,4
153,grid.10548.38,4
156,grid.7836.a,4
156,grid.15276.37,4
158,grid.7107.1,4
159,grid.134563.6,4
159,grid.16890.36,4
159,grid.8379.5,4
161,grid.6093.c,4
161,grid.12082.39,4
163,grid.16416.34,4
163,grid.5170.3,4
165,grid.11914.3c,4
166,grid.12380.38,4
167,grid.205975.c,4
167,grid.6852.9,4
167,grid.9918.9,4
170,grid.19188.39,4
171,grid.1006.7,4
171,grid.264756.4,4
173,grid.131063.6,4
175,grid.5330.5,4
176,grid.9851.5,4
176,grid.28046.38,4
176,grid.430387.b,4
179,grid.265892.2,4
180,grid.6292.f,4
181,grid.5373.2,4
181,grid.253615.6,4
181,grid.10025.36,4
184,grid.5949.1,4
184,grid.261112.7,4
184,grid.6214.1,4
187,grid.5600.3,4
187,grid.5037.1,4
189,grid.9811.1,4
189,grid.16821.3c,4
190,grid.5718.b,4
190,grid.8273.e,4
190,grid.39381.30,4
194,grid.5117.2,4
194,grid.7452.4,4
196,grid.117476.2,4
197,grid.7914.b,4
198,grid.222754.4,4
199,grid.22072.35,4
199,grid.14476.30,4
201–250,grid.5284.b,5
201–250,grid.9654.e,5
201–250,grid.5841.8,5
201–250,grid.7340.0,5
201–250,grid.7491.b,5
201–250,grid.253264.4,5
201–250,grid.273335.3,5
201–250,grid.266097.c,5
201–250,grid.5371.0,5
201–250,grid.4655.2,5
201–250,grid.8241.f,5
201–250,grid.424447.5,5
201–250,grid.15140.31,5
201–250,grid.8534.a,5
201–250,grid.8761.8,5
201–250,grid.410445.0,5
201–250,grid.9619.7,5
201–250,grid.9464.f,5
201–250,grid.214572.7,5
201–250,grid.1011.1,5
201–250,grid.9764.c,5
201–250,grid.412125.1,5
201–250,grid.4989.c,5
201–250,grid.16008.3f,5
201–250,grid.1004.5,5
201–250,grid.266683.f,5
201–250,grid.11598.34,5
201–250,grid.22937.3d,5
201–250,grid.26790.3a,5
201–250,grid.29980.3a,5
201–250,grid.5608.b,5
201–250,grid.5842.b,5
201–250,grid.11046.32,5
201–250,grid.11348.3f,5
201–250,grid.4777.3,5
201–250,grid.1024.7,5
201–250,grid.9435.b,5
201–250,grid.4912.e,5
201–250,grid.1026.5,5
201–250,grid.5509.9,5
201–250,grid.12136.37,5
201–250,grid.12295.3d,5
201–250,grid.42687.3f,5
201–250,grid.7886.1,5
201–250,grid.223827.e,5
201–250,grid.15496.3f,5
201–250,grid.46078.3d,5
201–250,grid.264889.9,5
201–250,grid.11951.3d,5
201–250,grid.1007.6,5
201–250,grid.15444.30,5
251–300,grid.414601.6,5
251–300,grid.1039.b,5
251–300,grid.24827.3b,5
251–300,grid.254277.1,5
251–300,grid.254549.b,5
251–300,grid.55602.34,5
251–300,grid.33489.35,5
251–300,grid.8356.8,5
251–300,grid.1014.4,5
251–300,grid.255986.5,5
251–300,grid.7839.5,5
251–300,grid.1022.1,5
251–300,grid.14013.37,5
251–300,grid.185648.6,5
251–300,grid.34980.36,5
251–300,grid.15078.3b,5
251–300,grid.5802.f,5
251–300,grid.23856.3a,5
251–300,grid.10253.35,5
251–300,grid.18763.3b,5
251–300,grid.5924.a,5
251–300,grid.40803.3f,5
251–300,grid.5288.7,5
251–300,grid.136593.b,5
251–300,grid.10858.34,5
251–300,grid.410356.5,5
251–300,grid.4970.a,5
251–300,grid.5570.7,5
251–300,grid.264200.2,5
251–300,grid.11899.38,5
251–300,grid.7841.a,5
251–300,grid.61971.38,5
251–300,grid.10825.3e,5
251–300,grid.170693.a,5
251–300,grid.36425.36,5
251–300,grid.5719.a,5
251–300,grid.5475.3,5
251–300,grid.4827.9,5
251–300,grid.6341.0,5
251–300,grid.264484.8,5
251–300,grid.6546.1,5
251–300,grid.267323.1,5
251–300,grid.69566.3a,5
251–300,grid.32197.3e,5
251–300,grid.11696.39,5
251–300,grid.5329.d,5
251–300,grid.438526.e,5
251–300,grid.8767.e,5
251–300,grid.241167.7,5
301–350,grid.5399.6,5
301–350,grid.70738.3b,5
301–350,grid.411335.1,5
301–350,grid.63124.32,5
301–350,grid.5115.0,5
301–350,grid.252547.3,5
301–350,grid.7384.8,5
301–350,grid.88379.3d,5
301–350,grid.208226.c,5
301–350,grid.7704.4,5
301–350,grid.21006.35,5
301–350,grid.241116.1,5
301–350,grid.63054.34,5
301–350,grid.1032.0,5
301–350,grid.15810.3d,5
301–350,grid.266239.a,5
301–350,grid.11417.32,5
301–350,grid.22448.38,5
301–350,grid.411819.4,5
301–350,grid.9531.e,5
301–350,grid.410682.9,5
301–350,grid.266436.3,5
301–350,grid.440568.b,5
301–350,grid.1018.8,5
301–350,grid.4861.b,5
301–350,grid.10347.31,5
301–350,grid.4708.b,5
301–350,grid.121334.6,5
301–350,grid.27476.30,5
301–350,grid.4691.a,5
301–350,grid.6142.1,5
301–350,grid.266842.c,5
301–350,grid.266832.b,5
301–350,grid.4391.f,5
301–350,grid.5395.a,5
301–350,grid.4643.5,5
301–350,grid.9580.4,5
301–350,grid.440614.3,5
301–350,grid.11956.3a,5
301–350,grid.12981.33,5
301–350,grid.10939.32,5
301–350,grid.6451.6,5
301–350,grid.411461.7,5
301–350,grid.5675.1,5
301–350,grid.265219.b,5
301–350,grid.12650.30,5
301–350,grid.7872.a,5
301–350,grid.12832.3a,5
301–350,grid.143640.4,5
301–350,grid.1019.9,5
301–350,grid.30064.31,5
301–350,grid.254444.7,5
301–350,grid.49470.3e,5
351–400,grid.8186.7,5
351–400,grid.7273.1,5
351–400,grid.5515.4,5
351–400,grid.411496.f,5
351–400,grid.266096.d,5
351–400,grid.28577.3f,5
351–400,grid.460782.f,5
351–400,grid.8127.c,5
351–400,grid.6603.3,5
351–400,grid.1021.2,5
351–400,grid.166341.7,5
351–400,grid.9668.1,5
351–400,grid.34988.3e,5
351–400,grid.49606.3d,5
351–400,grid.257060.6,5
351–400,grid.33199.31,5
351–400,grid.486295.4,5
351–400,grid.450280.b,5
351–400,grid.5771.4,5
351–400,grid.34421.30,5
351–400,grid.37553.37,5
351–400,grid.8664.c,5
351–400,grid.266515.3,5
351–400,grid.9759.2,5
351–400,grid.289247.2,5
351–400,grid.5640.7,5
351–400,grid.437123.0,5
351–400,grid.95004.38,5
351–400,grid.7548.e,5
351–400,grid.216938.7,5
351–400,grid.183446.c,5
351–400,grid.24434.35,5
351–400,grid.5947.f,5
351–400,grid.9027.c,5
351–400,grid.33647.35,5
351–400,grid.262743.6,5
351–400,grid.5334.1,5
351–400,grid.11780.3f,5
351–400,grid.9024.f,5
351–400,grid.11918.30,5
351–400,grid.1009.8,5
351–400,grid.264727.2,5
351–400,grid.1374.1,5
351–400,grid.43519.3a,5
351–400,grid.59062.38,5
351–400,grid.1029.a,5
351–400,grid.21100.32,5
401–500,grid.411015.0,5
401–500,grid.265893.3,5
401–500,grid.22903.3a,5
401–500,grid.411958.0,5
401–500,grid.7362.0,5
401–500,grid.7644.1,5
401–500,grid.22098.31,5
401–500,grid.412041.2,5
401–500,grid.7728.a,5
401–500,grid.7778.f,5
401–500,grid.411087.b,5
401–500,grid.8142.f,5
401–500,grid.16068.39,5
401–500,grid.494567.d,5
401–500,grid.4491.8,5
401–500,grid.7849.2,5
401–500,grid.47894.36,5
401–500,grid.4795.f,5
401–500,grid.412187.9,5
401–500,grid.412193.c,5
401–500,grid.15596.3e,5
401–500,grid.8484.0,5
401–500,grid.8404.8,5
401–500,grid.65456.34,5
401–500,grid.256115.4,5
401–500,grid.5606.5,5
401–500,grid.213876.9,5
401–500,grid.256304.6,5
401–500,grid.410413.3,5
401–500,grid.5603.0,5
401–500,grid.61221.36,5
401–500,grid.6884.2,5
401–500,grid.19373.3f,5
401–500,grid.12155.32,5
401–500,grid.39158.36,5
401–500,grid.221309.b,5
401–500,grid.417971.d,5
401–500,grid.19003.3b,5
401–500,grid.444359.b,5
401–500,grid.9681.6,5
401–500,grid.7645.0,5
401–500,grid.266539.d,5
401–500,grid.15876.3d,5
401–500,grid.16463.36,5
401–500,grid.177174.3,5
401–500,grid.9122.8,5
401–500,grid.412304.0,5
401–500,grid.6571.5,5
401–500,grid.21613.37,5
401–500,grid.7010.6,5
401–500,grid.15822.3c,5
401–500,grid.7563.7,5
401–500,grid.253613.0,5
401–500,grid.1025.6,5
401–500,grid.45907.3f,5
401–500,grid.38348.34,5
401–500,grid.266813.8,5
401–500,grid.39679.32,5
401–500,grid.261120.6,5
401–500,grid.42629.3b,5
401–500,grid.266900.b,5
401–500,grid.15895.30,5
401–500,grid.8982.b,5
401–500,grid.11201.33,5
401–500,grid.4466.0,5
401–500,grid.4800.c,5
401–500,grid.5808.5,5
401–500,grid.4701.2,5
401–500,grid.412603.2,5
401–500,grid.1017.7,5
401–500,grid.6530.0,5
401–500,grid.8509.4,5
401–500,grid.410367.7,5
401–500,grid.20931.39,5
401–500,grid.15775.31,5
401–500,grid.25152.31,5
401–500,grid.451239.8,5
401–500,grid.11804.3c,5
401–500,grid.5836.8,5
401–500,grid.22631.34,5
401–500,grid.254567.7,5
401–500,grid.189747.4,5
401–500,grid.11843.3f,5
401–500,grid.11984.35,5
401–500,grid.1027.4,5
401–500,grid.6986.1,5
401–500,grid.264706.1,5
401–500,grid.265073.5,5
401–500,grid.265074.2,5
401–500,grid.24516.34,5
401–500,grid.5133.4,5
401–500,grid.20515.33,5
401–500,grid.267360.6,5
401–500,grid.7605.4,5
401–500,grid.10919.30,5
401–500,grid.12711.34,5
401–500,grid.5338.d,5
401–500,grid.5611.3,5
401–500,grid.49481.30,5
401–500,grid.267827.e,5
401–500,grid.15756.30,5
401–500,grid.267468.9,5
501–600,grid.411368.9,6
501–600,grid.7311.4,6
501–600,grid.9563.9,6
501–600,grid.64939.31,6
501–600,grid.33236.37,6
501–600,grid.18376.3b,6
501–600,grid.264260.4,6
501–600,grid.11220.30,6
501–600,grid.1033.1,6
501–600,grid.493090.7,6
501–600,grid.17236.31,6
501–600,grid.7637.5,6
501–600,grid.34428.39,6
501–600,grid.8158.4,6
501–600,grid.1023.0,6
501–600,grid.1043.6,6
501–600,grid.6810.f,6
501–600,grid.254145.3,6
501–600,grid.254224.7,6
501–600,grid.8051.c,6
501–600,grid.254748.8,6
501–600,grid.22069.3f,6
501–600,grid.1038.a,6
501–600,grid.5110.5,6
501–600,grid.34429.38,6
501–600,grid.14442.37,6
501–600,grid.9481.4,6
501–600,grid.67293.39,6
501–600,grid.266456.5,6
501–600,grid.417967.a,6
501–600,grid.417965.8,6
501–600,grid.429017.9,6
501–600,grid.35915.3b,6
501–600,grid.9970.7,6
501–600,grid.412057.5,6
501–600,grid.9757.c,6
501–600,grid.258518.3,6
501–600,grid.56302.32,6
501–600,grid.412149.b,6
501–600,grid.10041.34,6
501–600,grid.12332.31,6
501–600,grid.259029.5,6
501–600,grid.10049.3c,6
501–600,grid.16488.33,6
501–600,grid.9983.b,6
501–600,grid.4425.7,6
501–600,grid.64337.35,6
501–600,grid.11194.3c,6
501–600,grid.266673.0,6
501–600,grid.148374.d,6
501–600,grid.25055.37,6
501–600,grid.260128.f,6
501–600,grid.41891.35,6
501–600,grid.260478.f,6
501–600,grid.5216.0,6
501–600,grid.64523.36,6
501–600,grid.260539.b,6
501–600,grid.260770.4,6
501–600,grid.10711.36,6
501–600,grid.260896.3,6
501–600,grid.19477.3c,6
501–600,grid.10772.33,6
501–600,grid.4605.7,6
501–600,grid.65519.3e,6
501–600,grid.10837.3d,6
501–600,grid.7628.b,6
501–600,grid.10776.37,6
501–600,grid.10988.38,6
501–600,grid.10383.39,6
501–600,grid.11100.31,6
501–600,grid.443239.b,6
501–600,grid.6835.8,6
501–600,grid.41312.35,6
501–600,grid.24539.39,6
501–600,grid.262962.b,6
501–600,grid.15447.33,6
501–600,grid.9906.6,6
501–600,grid.263081.e,6
501–600,grid.32056.32,6
501–600,grid.263333.4,6
501–600,grid.27255.37,6
501–600,grid.263761.7,6
501–600,grid.79703.3a,6
501–600,grid.263826.b,6
501–600,grid.1031.3,6
501–600,grid.217309.e,6
501–600,grid.412896.0,6
501–600,grid.215352.2,6
501–600,grid.33763.32,6
501–600,grid.267337.4,6
501–600,grid.27736.37,6
501–600,grid.77602.34,6
501–600,grid.412261.2,6
501–600,grid.5390.f,6
501–600,grid.267370.7,6
501–600,grid.12916.3d,6
501–600,grid.268323.e,6
501–600,grid.12955.3a,6
501–600,grid.43169.39,6
601–800,grid.7144.6,6
601–800,grid.265880.1,6
601–800,grid.7159.a,6
601–800,grid.7157.4,6
601–800,grid.252119.c,6
601–800,grid.411370.0,6
601–800,grid.7247.6,6
601–800,grid.4793.9,6
601–800,grid.411017.2,6
601–800,grid.16299.35,6
601–800,grid.252546.2,6
601–800,grid.411507.6,6
601–800,grid.11480.3c,6
601–800,grid.252890.4,6
601–800,grid.43555.32,6
601–800,grid.7427.6,6
601–800,grid.7489.2,6
601–800,grid.411660.4,6
601–800,grid.411662.6,6
601–800,grid.6268.a,6
601–800,grid.12477.37,6
601–800,grid.7240.1,6
601–800,grid.7763.5,6
601–800,grid.7840.b,6
601–800,grid.7831.d,6
601–800,grid.170430.1,6
601–800,grid.216417.7,6
601–800,grid.145695.a,6
601–800,grid.136304.3,6
601–800,grid.443909.3,6
601–800,grid.22935.3f,6
601–800,grid.494717.8,6
601–800,grid.418920.6,6
601–800,grid.410319.e,6
601–800,grid.412889.e,6
601–800,grid.411932.c,6
601–800,grid.8096.7,6
601–800,grid.30055.33,6
601–800,grid.266231.2,6
601–800,grid.8195.5,6
601–800,grid.48815.30,6
601–800,grid.14724.34,6
601–800,grid.28056.39,6
601–800,grid.461270.6,6
601–800,grid.15401.31,6
601–800,grid.6390.c,6
601–800,grid.20409.3f,6
601–800,grid.255501.6,6
601–800,grid.5591.8,6
601–800,grid.255649.9,6
601–800,grid.8430.f,6
601–800,grid.8536.8,6
601–800,grid.8532.c,6
601–800,grid.411249.b,6
601–800,grid.12148.3e,6
601–800,grid.256023.0,6
601–800,grid.411604.6,6
601–800,grid.5214.2,6
601–800,grid.4489.1,6
601–800,grid.36316.31,6
601–800,grid.18098.38,6
601–800,grid.5846.f,6
601–800,grid.257022.0,6
601–800,grid.35155.37,6
601–800,grid.15751.37,6
601–800,grid.9582.6,6
601–800,grid.6553.5,6
601–800,grid.417959.7,6
601–800,grid.459611.e,6
601–800,grid.417972.e,6
601–800,grid.459612.d,6
601–800,grid.417969.4,6
601–800,grid.9581.5,6
601–800,grid.9594.1,6
601–800,grid.411748.f,6
601–800,grid.45349.3f,6
601–800,grid.411751.7,6
601–800,grid.10516.33,6
601–800,grid.216499.1,6
601–800,grid.5522.0,6
601–800,grid.9612.c,6
601–800,grid.412988.e,6
601–800,grid.258269.2,6
601–800,grid.411978.2,6
601–800,grid.36567.31,6
601–800,grid.77268.3c,6
601–800,grid.412113.4,6
601–800,grid.26091.3c,6
601–800,grid.258622.9,6
601–800,grid.412135.0,6
601–800,grid.15538.3a,6
601–800,grid.31432.37,6
601–800,grid.258676.8,6
601–800,grid.4521.2,6
601–800,grid.411323.6,6
601–800,grid.181790.6,6
601–800,grid.36511.30,6
601–800,grid.8954.0,6
601–800,grid.29172.3f,6
601–800,grid.259237.8,6
601–800,grid.10223.32,6
601–800,grid.25627.34,6
601–800,grid.10251.37,6
601–800,grid.259670.f,6
601–800,grid.10267.32,6
601–800,grid.411583.a,6
601–800,grid.6935.9,6
601–800,grid.26811.3c,6
601–800,grid.10328.38,6
601–800,grid.260120.7,6
601–800,grid.419886.a,6
601–800,grid.27871.3b,6
601–800,grid.89957.3a,6
601–800,grid.260474.3,6
601–800,grid.412022.7,6
601–800,grid.4817.a,6
601–800,grid.9486.3,6
601–800,grid.15399.37,6
601–800,grid.444703.0,6
601–800,grid.35043.31,6
601–800,grid.412036.2,6
601–800,grid.412090.e,6
601–800,grid.272362.0,6
601–800,grid.24805.3b,6
601–800,grid.410821.e,6
601–800,grid.266860.c,6
601–800,grid.27446.33,6
601–800,grid.440588.5,6
601–800,grid.12361.37,6
601–800,grid.261368.8,6
601–800,grid.36083.3e,6
601–800,grid.5807.a,6
601–800,grid.10863.3c,6
601–800,grid.10979.36,6
601–800,grid.261674.0,6
601–800,grid.9679.1,6
601–800,grid.32495.39,6
601–800,grid.410926.8,6
601–800,grid.157927.f,6
601–800,grid.7870.8,6
601–800,grid.4839.6,6
601–800,grid.262075.4,6
601–800,grid.49697.35,6
601–800,grid.262229.f,6
601–800,grid.265695.b,6
601–800,grid.57926.3f,6
601–800,grid.410368.8,6
601–800,grid.262564.1,6
601–800,grid.262613.2,6
601–800,grid.11702.35,6
601–800,grid.77642.30,6
601–800,grid.11875.3a,6
601–800,grid.11762.33,6
601–800,grid.8752.8,6
601–800,grid.267102.0,6
601–800,grid.11794.3a,6
601–800,grid.11450.31,6
601–800,grid.9224.d,6
601–800,grid.412553.4,6
601–800,grid.263488.3,6
601–800,grid.86715.3d,6
601–800,grid.444860.a,6
601–800,grid.13291.38,6
601–800,grid.263736.5,6
601–800,grid.267153.4,6
601–800,grid.267169.d,6
601–800,grid.1048.d,6
601–800,grid.38603.3e,6
601–800,grid.33003.33,6
601–800,grid.1034.6,6
601–800,grid.9008.1,6
601–800,grid.412831.d,6
601–800,grid.6988.f,6
601–800,grid.5690.a,6
601–800,grid.6227.1,6
601–800,grid.46072.37,6
601–800,grid.411705.6,6
601–800,grid.410877.d,6
601–800,grid.444487.f,6
601–800,grid.267315.4,6
601–800,grid.267324.6,6
601–800,grid.264784.b,6
601–800,grid.45982.32,6
601–800,grid.12341.35,6
601–800,grid.12641.30,6
601–800,grid.6312.6,6
601–800,grid.12847.38,6
601–800,grid.5290.e,6
601–800,grid.6518.a,6
601–800,grid.8974.2,6
601–800,grid.281386.6,6
601–800,grid.12896.34,6
601–800,grid.268154.c,6
601–800,grid.267455.7,6
601–800,grid.6374.6,6
601–800,grid.413028.c,6
601–800,grid.268441.d,6
601–800,grid.11205.37,6
801–1000,grid.411114.0,7
801–1000,grid.8073.c,7
801–1000,grid.5633.3,7
801–1000,grid.9922.0,7
801–1000,grid.413016.1,7
801–1000,grid.411234.1,7
801–1000,grid.251916.8,7
801–1000,grid.7155.6,7
801–1000,grid.77184.3d,7
801–1000,grid.5268.9,7
801–1000,grid.411340.3,7
801–1000,grid.28020.38,7
801–1000,grid.411365.4,7
801–1000,grid.41206.31,7
801–1000,grid.252470.6,7
801–1000,grid.440424.2,7
801–1000,grid.7119.e,7
801–1000,grid.412861.8,7
801–1000,grid.411468.e,7
801–1000,grid.7399.4,7
801–1000,grid.411498.1,7
801–1000,grid.434933.a,7
801–1000,grid.61569.3d,7
801–1000,grid.15034.33,7
801–1000,grid.181531.f,7
801–1000,grid.442401.7,7
801–1000,grid.445984.0,7
801–1000,grid.7149.b,7
801–1000,grid.418391.6,7
801–1000,grid.7632.0,7
801–1000,grid.4994.0,7
801–1000,grid.5100.4,7
801–1000,grid.6759.d,7
801–1000,grid.23520.36,7
801–1000,grid.7776.1,7
801–1000,grid.253547.2,7
801–1000,grid.24696.3f,7
801–1000,grid.8048.4,7
801–1000,grid.7943.9,7
801–1000,grid.7901.f,7
801–1000,grid.448072.d,7
801–1000,grid.7132.7,7
801–1000,grid.411510.0,7
801–1000,grid.411519.9,7
801–1000,grid.254147.1,7
801–1000,grid.411545.0,7
801–1000,grid.190737.b,7
801–1000,grid.14005.30,7
801–1000,grid.7922.e,7
801–1000,grid.411649.f,7
801–1000,grid.7634.6,7
801–1000,grid.15866.3c,7
801–1000,grid.6652.7,7
801–1000,grid.7122.6,7
801–1000,grid.411987.2,7
801–1000,grid.57686.3a,7
801–1000,grid.33695.3a,7
801–1000,grid.255364.3,7
801–1000,grid.60969.30,7
801–1000,grid.255434.1,7
801–1000,grid.411739.9,7
801–1000,grid.8389.a,7
801–1000,grid.411170.2,7
801–1000,grid.412368.a,7
801–1000,grid.8399.b,7
801–1000,grid.411221.5,7
801–1000,grid.411237.2,7
801–1000,grid.411247.5,7
801–1000,grid.411301.6,7
801–1000,grid.255951.f,7
801–1000,grid.255966.b,7
801–1000,grid.412163.3,7
801–1000,grid.256105.5,7
801–1000,grid.448834.7,7
801–1000,grid.8652.9,7
801–1000,grid.411872.9,7
801–1000,grid.411951.9,7
801–1000,grid.272264.7,7
801–1000,grid.417984.7,7
801–1000,grid.417960.d,7
801–1000,grid.411595.d,7
801–1000,grid.202119.9,7
801–1000,grid.411746.1,7
801–1000,grid.411750.6,7
801–1000,grid.9601.e,7
801–1000,grid.21507.31,7
801–1000,grid.411818.5,7
801–1000,grid.440785.a,7
801–1000,grid.411898.d,7
801–1000,grid.64924.3d,7
801–1000,grid.258164.c,7
801–1000,grid.9670.8,7
801–1000,grid.258331.e,7
801–1000,grid.9707.9,7
801–1000,grid.410783.9,7
801–1000,grid.412019.f,7
801–1000,grid.28479.30,7
801–1000,grid.412151.2,7
801–1000,grid.411976.c,7
801–1000,grid.278276.e,7
801–1000,grid.274841.c,7
801–1000,grid.411196.a,7
801–1000,grid.258803.4,7
801–1000,grid.258806.1,7
801–1000,grid.9845.0,7
801–1000,grid.10346.30,7
801–1000,grid.8647.d,7
801–1000,grid.411840.8,7
801–1000,grid.411622.2,7
801–1000,grid.7220.7,7
801–1000,grid.31143.34,7
801–1000,grid.10586.3a,7
801–1000,grid.174567.6,7
801–1000,grid.260433.0,7
801–1000,grid.37589.30,7
801–1000,grid.412042.1,7
801–1000,grid.260542.7,7
801–1000,grid.412108.e,7
801–1000,grid.260567.0,7
801–1000,grid.108365.9,7
801–1000,grid.412117.0,7
801–1000,grid.469086.5,7
801–1000,grid.412087.8,7
801–1000,grid.260664.0,7
801–1000,grid.419653.c,7
801–1000,grid.260975.f,7
801–1000,grid.460771.3,7
801–1000,grid.412252.2,7
801–1000,grid.266876.b,7
801–1000,grid.412262.1,7
801–1000,grid.144022.1,7
801–1000,grid.77667.37,7
801–1000,grid.261277.7,7
801–1000,grid.4422.0,7
801–1000,grid.261356.5,7
801–1000,grid.261445.0,7
801–1000,grid.412419.b,7
801–1000,grid.412684.d,7
801–1000,grid.15449.3d,7
801–1000,grid.7902.c,7
801–1000,grid.11047.33,7
801–1000,grid.412517.4,7
801–1000,grid.440592.e,7
801–1000,grid.412519.a,7
801–1000,grid.11142.37,7
801–1000,grid.6973.b,7
801–1000,grid.59490.31,7
801–1000,grid.35349.38,7
801–1000,grid.263023.6,7
801–1000,grid.459905.4,7
801–1000,grid.410543.7,7
801–1000,grid.263171.0,7
801–1000,grid.69775.3a,7
801–1000,grid.267134.5,7
801–1000,grid.412124.0,7
801–1000,grid.412502.0,7
801–1000,grid.411600.2,7
801–1000,grid.39436.3b,7
801–1000,grid.263451.7,7
801–1000,grid.412789.1,7
801–1000,grid.5884.1,7
801–1000,grid.263518.b,7
801–1000,grid.412573.6,7
801–1000,grid.20715.31,7
801–1000,grid.412659.d,7
801–1000,grid.284723.8,7
801–1000,grid.410658.e,7
801–1000,grid.412313.6,7
801–1000,grid.19873.34,7
801–1000,grid.412846.d,7
801–1000,grid.6357.7,7
801–1000,grid.10999.38,7
801–1000,grid.412258.8,7
801–1000,grid.26597.3f,7
801–1000,grid.484611.e,7
801–1000,grid.264772.2,7
801–1000,grid.412436.6,7
801–1000,grid.265050.4,7
801–1000,grid.267335.6,7
801–1000,grid.136594.c,7
801–1000,grid.410793.8,7
801–1000,grid.143643.7,7
801–1000,grid.412804.b,7
801–1000,grid.80817.36,7
801–1000,grid.412810.e,7
801–1000,grid.462999.9,7
801–1000,grid.6441.7,7
801–1000,grid.412813.d,7
801–1000,grid.1035.7,7
801–1000,grid.162110.5,7
801–1000,grid.412982.4,7
801–1000,grid.440736.2,7
801–1000,grid.268394.2,7
801–1000,grid.267500.6,7
801–1000,grid.268415.c,7
801–1000,grid.268446.a,7
801–1000,grid.4808.4,7
1001+,grid.7269.a,8
1001+,grid.29906.34,8
1001+,grid.251924.9,8
1001+,grid.411303.4,8
1001+,grid.8168.7,8
1001+,grid.411354.6,8
1001+,grid.444644.2,8
1001+,grid.267525.1,8
1001+,grid.411381.e,8
1001+,grid.412848.3,8
1001+,grid.7256.6,8
1001+,grid.411408.8,8
1001+,grid.412881.6,8
1001+,grid.252311.6,8
1001+,grid.252487.e,8
1001+,grid.412852.8,8
1001+,grid.412866.f,8
1001+,grid.411455.0,8
1001+,grid.411659.e,8
1001+,grid.412862.b,8
1001+,grid.412872.a,8
1001+,grid.412864.d,8
1001+,grid.440473.0,8
1001+,grid.411501.0,8
1001+,grid.10359.3e,8
1001+,grid.17678.3f,8
1001+,grid.440633.6,8
1001+,grid.411700.3,8
1001+,grid.19822.30,8
1001+,grid.440754.6,8
1001+,grid.432032.4,8
1001+,grid.127050.1,8
1001+,grid.8049.5,8
1001+,grid.412327.1,8
1001+,grid.411218.f,8
1001+,grid.43710.31,8
1001+,grid.254124.4,8
1001+,grid.254217.7,8
1001+,grid.254230.2,8
1001+,grid.443595.a,8
1001+,grid.411771.5,8
1001+,grid.8065.b,8
1001+,grid.5380.e,8
1001+,grid.17127.32,8
1001+,grid.98622.37,8
1001+,grid.8193.3,8
1001+,grid.412191.e,8
1001+,grid.12284.3d,8
1001+,grid.21200.31,8
1001+,grid.255178.c,8
1001+,grid.266283.b,8
1001+,grid.255464.4,8
1001+,grid.266298.1,8
1001+,grid.444938.6,8
1001+,grid.440624.0,8
1001+,grid.8395.7,8
1001+,grid.411195.9,8
1001+,grid.440561.2,8
1001+,grid.411269.9,8
1001+,grid.271300.7,8
1001+,grid.20736.30,8
1001+,grid.411227.3,8
1001+,grid.411233.6,8
1001+,grid.411239.c,8
1001+,grid.474682.b,8
1001+,grid.411284.a,8
1001+,grid.12799.34,8
1001+,grid.411298.7,8
1001+,grid.411173.1,8
1001+,grid.163577.1,8
1001+,grid.8570.a,8
1001+,grid.25769.3f,8
1001+,grid.440691.e,8
1001+,grid.8585.0,8
1001+,grid.6868.0,8
1001+,grid.256342.4,8
1001+,grid.411710.2,8
1001+,grid.411555.1,8
1001+,grid.411038.f,8
1001+,grid.412890.6,8
1001+,grid.256609.e,8
1001+,grid.256642.1,8
1001+,grid.256753.0,8
1001+,grid.33764.35,8
1001+,grid.33801.39,8
1001+,grid.412093.d,8
1001+,grid.257114.4,8
1001+,grid.411404.4,8
1001+,grid.266453.0,8
1001+,grid.410773.6,8
1001+,grid.411975.f,8
1001+,grid.412977.e,8
1001+,grid.411447.3,8
1001+,grid.26193.3f,8
1001+,grid.77054.31,8
1001+,grid.411792.8,8
1001+,grid.419609.3,8
1001+,grid.258333.c,8
1001+,grid.411995.1,8
1001+,grid.412013.5,8
1001+,grid.9723.f,8
1001+,grid.6901.e,8
1001+,grid.440485.9,8
1001+,grid.413002.4,8
1001+,grid.412265.6,8
1001+,grid.9786.0,8
1001+,grid.419784.7,8
1001+,grid.443738.f,8
1001+,grid.410786.c,8
1001+,grid.412122.6,8
1001+,grid.411110.4,8
1001+,grid.91443.3b,8
1001+,grid.258777.8,8
1001+,grid.419025.b,8
1001+,grid.440564.7,8
1001+,grid.4807.b,8
1001+,grid.55380.3b,8
1001+,grid.28171.3d,8
1001+,grid.10789.37,8
1001+,grid.412284.9,8
1001+,grid.4756.0,8
1001+,grid.411400.0,8
1001+,grid.10067.30,8
1001+,grid.411494.d,8
1001+,grid.411538.a,8
1001+,grid.16477.33,8
1001+,grid.411764.1,8
1001+,grid.259879.8,8
1001+,grid.411775.1,8
1001+,grid.411804.8,8
1001+,grid.411806.a,8
1001+,grid.410849.0,8
1001+,grid.411838.7,8
1001+,grid.17758.3c,8
1001+,grid.77852.3f,8
1001+,grid.466477.0,8
1001+,grid.420014.3,8
1001+,grid.413039.c,8
1001+,grid.260427.5,8
1001+,grid.47716.33,8
1001+,grid.10604.33,8
1001+,grid.410814.8,8
1001+,grid.412029.c,8
1001+,grid.412038.c,8
1001+,grid.412046.5,8
1001+,grid.412047.4,8
1001+,grid.10689.36,8
1001+,grid.10692.3c,8
1001+,grid.412111.6,8
1001+,grid.9499.d,8
1001+,grid.26194.38,8
1001+,grid.436529.f,8
1001+,grid.446088.6,8
1001+,grid.449389.b,8
1001+,grid.5374.5,8
1001+,grid.10757.34,8
1001+,grid.261049.8,8
1001+,grid.412314.1,8
1001+,grid.412334.3,8
1001+,grid.411049.9,8
1001+,grid.261455.1,8
1001+,grid.11028.3a,8
1001+,grid.440715.3,8
1001+,grid.77611.36,8
1001+,grid.78028.35,8
1001+,grid.440552.2,8
1001+,grid.412249.8,8
1001+,grid.412522.2,8
1001+,grid.8170.e,8
1001+,grid.7130.5,8
1001+,grid.412211.5,8
1001+,grid.262576.2,8
1001+,grid.267625.2,8
1001+,grid.412339.e,8
1001+,grid.410802.f,8
1001+,grid.412179.8,8
1001+,grid.412423.2,8
1001+,grid.420190.e,8
1001+,grid.448878.f,8
1001+,grid.412485.e,8
1001+,grid.444380.f,8
1001+,grid.412503.1,8
1001+,grid.412345.5,8
1001+,grid.412518.b,8
1001+,grid.419152.a,8
1001+,grid.411621.1,8
1001+,grid.263536.7,8
1001+,grid.469280.1,8
1001+,grid.410714.7,8
1001+,grid.412592.9,8
1001+,grid.11866.38,8
1001+,grid.412358.9,8
1001+,grid.412302.6,8
1001+,grid.440789.6,8
1001+,grid.11355.33,8
1001+,grid.412681.8,8
1001+,grid.412801.e,8
1001+,grid.412017.1,8
1001+,grid.182798.d,8
1001+,grid.267193.8,8
1001+,grid.412707.7,8
1001+,grid.263901.f,8
1001+,grid.412739.a,8
1001+,grid.271762.7,8
1001+,grid.412323.5,8
1001+,grid.412906.8,8
1001+,grid.264580.d,8
1001+,grid.412182.c,8
1001+,grid.34555.32,8
1001+,grid.6903.c,8
1001+,grid.6912.c,8
1001+,grid.412259.9,8
1001+,grid.412434.4,8
1001+,grid.12319.38,8
1001+,grid.412749.d,8
1001+,grid.265061.6,8
1001+,grid.410772.7,8
1001+,grid.458395.6,8
1001+,grid.412773.4,8
1001+,grid.412785.d,8
1001+,grid.21678.3a,8
1001+,grid.265107.7,8
1001+,grid.267346.2,8
1001+,grid.265125.7,8
1001+,grid.12574.35,8
1001+,grid.412148.a,8
1001+,grid.412253.3,8
1001+,grid.412761.7,8
1001+,grid.412763.5,8
1001+,grid.267687.a,8
1001+,grid.412185.b,8
1001+,grid.412967.f,8
1001+,grid.18999.30,8
1001+,grid.445053.3,8
1001+,grid.20567.36,8
1001+,grid.440850.d,8
1001+,grid.22557.37,8
1001+,grid.14004.31,8
1001+,grid.7005.2,8
1001+,grid.268397.1,8
1001+,grid.413012.5,8
1001+,grid.14440.35,8
1001+,grid.413021.5,8
1001+,grid.32140.34,8
1001+,grid.413050.3,8
1001+,grid.31451.32,8
1001+,grid.412673.5,8
